VZHUB,00032,A,D,0000000000,0000000000,00000.00,0000000000,00000.00,0000000000,0000018958,000000806.00,0000000000,00000.00,00000.00,00000.00,00000.00,00000.00,0000000.00,0000000.00,0000000.00,0000000.00,    ,048,   ,0000000000,0000000000,084352019650,CR
VZHUB,00032,A,D,0000000000,0000000000,00000.00,0000000000,00000.00,0000000000,0000018958,000000806.00,0000000000,00000.00,00000.00,00000.00,00000.00,00000.00,0000000.00,0000000.00,0000000.00,0000000.00,    ,HUB,   ,0000000000,0000000000,084352019650,DR
VZHUB,00032,A,D,0000000000,0000000000,00000.00,0000000000,00000.00,0000000000,0000018958,000000307.80,0000000000,00000.00,00000.00,00000.00,00000.00,00000.00,0000000.00,0000000.00,0000000.00,0000000.00,    ,ZZZ,4GK,0000000000,0000000000,032131455888,CR
VZHUB,00032,A,D,0000000000,0000000000,00000.00,0000000000,00000.00,0000000000,0000018958,000000307.80,0000000000,00000.00,00000.00,00000.00,00000.00,00000.00,0000000.00,0000000.00,0000000.00,0000000.00,    ,HUB,4GK,0000000000,0000000000,032131455888,DR
VZHUB,01612,A,D,0000000000,0000000000,00000.00,0000000000,00000.00,0000000000,0000018958,000000301.94,0000000000,00000.00,00000.00,00000.00,00000.00,00000.00,0000000.00,0000000.00,0000000.00,0000000.00,    ,ZZZ,4GK,0000000000,0000000000,031580979705,CR
VZHUB,01612,A,D,0000000000,0000000000,00000.00,0000000000,00000.00,0000000000,0000018958,000000301.94,0000000000,00000.00,00000.00,00000.00,00000.00,00000.00,0000000.00,0000000.00,0000000.00,0000000.00,    ,HUB,4GK,0000000000,0000000000,031580979705,DR
VZHUB,01622,A,D,0000000000,0000000000,00000.00,0000000000,00000.00,0000000000,0000018958,000000275.68,0000000000,00000.00,00000.00,00000.00,00000.00,00000.00,0000000.00,0000000.00,0000000.00,0000000.00,    ,746,   ,0000000000,0000000000,028582732349,CR
VZHUB,01622,A,D,0000000000,0000000000,00000.00,0000000000,00000.00,0000000000,0000018958,000000275.68,0000000000,00000.00,00000.00,00000.00,00000.00,00000.00,0000000.00,0000000.00,0000000.00,0000000.00,    ,HUB,   ,0000000000,0000000000,028582732349,DR
VZHUB,01703,A,D,0000000000,0000000000,00000.00,0000000000,00000.00,0000000000,0000018958,000000422.06,0000000000,00000.00,00000.00,00000.00,00000.00,00000.00,0000000.00,0000000.00,0000000.00,0000000.00,    ,ZZZ,4GK,0000000000,0000000000,044153702349,CR
VZHUB,01703,A,D,0000000000,0000000000,00000.00,0000000000,00000.00,0000000000,0000018958,000000422.06,0000000000,00000.00,00000.00,00000.00,00000.00,00000.00,0000000.00,0000000.00,0000000.00,0000000.00,    ,HUB,4GK,0000000000,0000000000,044153702349,DR
VZHUB,30016,A,D,0000000000,0000000000,00000.00,0000000000,00000.00,0000000000,0000018958,000000117.24,0000000000,00000.00,00000.00,00000.00,00000.00,00000.00,0000000.00,0000000.00,0000000.00,0000000.00,    ,074,   ,0000000000,0000000000,012220869909,CR
VZHUB,30016,A,D,0000000000,0000000000,00000.00,0000000000,00000.00,0000000000,0000018958,000000117.24,0000000000,00000.00,00000.00,00000.00,00000.00,00000.00,0000000.00,0000000.00,0000000.00,0000000.00,    ,HUB,   ,0000000000,0000000000,012220869909,DR
VZHUB,30100,A,D,0000000000,0000000000,00000.00,0000000000,00000.00,0000000000,0000018958,000001943.26,0000000000,00000.00,00000.00,00000.00,00000.00,00000.00,0000000.00,0000000.00,0000000.00,0000000.00,    ,075,   ,0000000000,0000000000,203037408309,CR
VZHUB,30100,A,D,0000000000,0000000000,00000.00,0000000000,00000.00,0000000000,0000018958,000001943.26,0000000000,00000.00,00000.00,00000.00,00000.00,00000.00,0000000.00,0000000.00,0000000.00,0000000.00,    ,HUB,   ,0000000000,0000000000,203037408309,DR
VZHUB,30100,A,D,0000000000,0000000000,00000.00,0000000000,00000.00,0000000000,0000018958,000000621.06,0000000000,00000.00,00000.00,00000.00,00000.00,00000.00,0000000.00,0000000.00,0000000.00,0000000.00,    ,ZZZ,4GK,0000000000,0000000000,064975852546,CR
VZHUB,30100,A,D,0000000000,0000000000,00000.00,0000000000,00000.00,0000000000,0000018958,000000621.06,0000000000,00000.00,00000.00,00000.00,00000.00,00000.00,0000000.00,0000000.00,0000000.00,0000000.00,    ,HUB,4GK,0000000000,0000000000,064975852546,DR
VZHUB,30102,A,D,0000000000,0000000000,00000.00,0000000000,00000.00,0000000000,0000018958,000000159.45,0000000000,00000.00,00000.00,00000.00,00000.00,00000.00,0000000.00,0000000.00,0000000.00,0000000.00,    ,ZZZ,4GK,0000000000,0000000000,016641274404,CR
VZHUB,30102,A,D,0000000000,0000000000,00000.00,0000000000,00000.00,0000000000,0000018958,000000159.45,0000000000,00000.00,00000.00,00000.00,00000.00,00000.00,0000000.00,0000000.00,0000000.00,0000000.00,    ,HUB,4GK,0000000000,0000000000,016641274404,DR
VZHUB,30744,A,D,0000000000,0000000000,00000.00,0000000000,00000.00,0000000000,0000018958,000000214.46,0000000000,00000.00,00000.00,00000.00,00000.00,00000.00,0000000.00,0000000.00,0000000.00,0000000.00,    ,ZZZ,4GK,0000000000,0000000000,022418509037,CR
VZHUB,30744,A,D,0000000000,0000000000,00000.00,0000000000,00000.00,0000000000,0000018958,000000214.46,0000000000,00000.00,00000.00,00000.00,00000.00,00000.00,0000000.00,0000000.00,0000000.00,0000000.00,    ,HUB,4GK,0000000000,0000000000,022418509037,DR
VZHUB,30894,A,D,0000000000,0000000000,00000.00,0000000000,00000.00,0000000000,0000018958,000000046.34,0000000000,00000.00,00000.00,00000.00,00000.00,00000.00,0000000.00,0000000.00,0000000.00,0000000.00,    ,ZZZ,4GK,0000000000,0000000000,004835305228,CR
VZHUB,30894,A,D,0000000000,0000000000,00000.00,0000000000,00000.00,0000000000,0000018958,000000046.34,0000000000,00000.00,00000.00,00000.00,00000.00,00000.00,0000000.00,0000000.00,0000000.00,0000000.00,    ,HUB,4GK,0000000000,0000000000,004835305228,DR
VZHUB,30894,A,D,0000000000,0000000000,00000.00,0000000000,00000.00,0000000000,0000018958,000000107.12,0000000000,00000.00,00000.00,00000.00,00000.00,00000.00,0000000.00,0000000.00,0000000.00,0000000.00,    ,028,   ,0000000000,0000000000,011170012175,CR
VZHUB,30894,A,D,0000000000,0000000000,00000.00,0000000000,00000.00,0000000000,0000018958,000000107.12,0000000000,00000.00,00000.00,00000.00,00000.00,00000.00,0000000.00,0000000.00,0000000.00,0000000.00,    ,HUB,   ,0000000000,0000000000,011170012175,DR
00002,     ,A,D,0000000000,0000000000,00000.00,0000000000,00000.00,0000000000,0000002984,000000000.00,0000000000,00000.00,00000.00,00000.00,00000.00,00000.00,0000000.00,0000000.00,0000000.00,0000000.00,    ,666,   ,0000000000,0000000000,005782791380,CR
00002,     ,A,D,0000000000,0000000000,00000.00,0000000000,00000.00,0000000000,0000002984,000000000.00,0000000000,00000.00,00000.00,00000.00,00000.00,00000.00,0000000.00,0000000.00,0000000.00,0000000.00,    ,666,   ,0000000000,0000000000,005782791380,DR
00002,     ,A,D,0000000000,0000000000,00000.00,0000000000,00000.00,0000000000,0000003622,000000000.00,0000000000,00000.00,00000.00,00000.00,00000.00,00000.00,0000000.00,0000000.00,0000000.00,0000000.00,    ,666,   ,0000000000,0000000000,091279236859,CR
00002,     ,A,D,0000000000,0000000000,00000.00,0000000000,00000.00,0000000000,0000003622,000000000.00,0000000000,00000.00,00000.00,00000.00,00000.00,00000.00,0000000.00,0000000.00,0000000.00,0000000.00,    ,666,   ,0000000000,0000000000,091279236859,DR
00002,     ,A,D,0000000000,0000000000,00000.00,0000000000,00000.00,0000000000,0000003840,000000000.00,0000000000,00000.00,00000.00,00000.00,00000.00,00000.00,0000000.00,0000000.00,0000000.00,0000000.00,    ,666,   ,0000000000,0000000000,000937717580,CR
00002,     ,A,D,0000000000,0000000000,00000.00,0000000000,00000.00,0000000000,0000003840,000000000.00,0000000000,00000.00,00000.00,00000.00,00000.00,00000.00,0000000.00,0000000.00,0000000.00,0000000.00,    ,666,   ,0000000000,0000000000,000937717580,DR
00002,     ,A,D,0000000000,0000000000,00000.00,0000000000,00000.00,0000000000,0000018958,000000000.00,0000000000,00000.00,00000.00,00000.00,00000.00,00000.00,0000000.00,0000000.00,0000000.00,0000000.00,    ,666,   ,0000000000,0000000000,528811498962,CR
00002,     ,A,D,0000000000,0000000000,00000.00,0000000000,00000.00,0000000000,0000018958,000000000.00,0000000000,00000.00,00000.00,00000.00,00000.00,00000.00,0000000.00,0000000.00,0000000.00,0000000.00,    ,666,   ,0000000000,0000000000,528811498962,DR
00002,     ,A,D,0000000000,0000000000,00000.00,0000000000,00000.00,0000000000,0000019759,000000000.00,0000000000,00000.00,00000.00,00000.00,00000.00,00000.00,0000000.00,0000000.00,0000000.00,0000000.00,    ,666,   ,0000000000,0000000000,557891827488,CR
00002,     ,A,D,0000000000,0000000000,00000.00,0000000000,00000.00,0000000000,0000019759,000000000.00,0000000000,00000.00,00000.00,00000.00,00000.00,00000.00,0000000.00,0000000.00,0000000.00,0000000.00,    ,666,   ,0000000000,0000000000,557891827488,DR
00002,     ,A,D,0000000000,0000000000,00000.00,0000000000,00000.00,0000000000,0000019760,000000000.00,0000000000,00000.00,00000.00,00000.00,00000.00,00000.00,0000000.00,0000000.00,0000000.00,0000000.00,    ,666,   ,0000000000,0000000000,003224139108,CR
00002,     ,A,D,0000000000,0000000000,00000.00,0000000000,00000.00,0000000000,0000019760,000000000.00,0000000000,00000.00,00000.00,00000.00,00000.00,00000.00,0000000.00,0000000.00,0000000.00,0000000.00,    ,666,   ,0000000000,0000000000,003224139108,DR
00002,     ,M,N,0000003137,0000000000,00000.00,0000000000,00000.00,0000000000,0000000012,000000000.00,0000000000,00000.00,00000.00,00000.00,00000.00,00000.00,0000000.00,0000000.00,0000000.00,0000000.00,    ,666,   ,0000036420,0000000000,000000000000,CR
00002,     ,M,N,0000003137,0000000000,00000.00,0000000000,00000.00,0000000000,0000000012,000000000.00,0000000000,00000.00,00000.00,00000.00,00000.00,00000.00,0000000.00,0000000.00,0000000.00,0000000.00,    ,666,   ,0000036420,0000000000,000000000000,DR
00002,     ,7,N,0000032801,0000000000,00000.00,0000000000,00000.00,0000000000,0000000012,000000000.00,0000000000,00000.00,00000.00,00000.00,00000.00,00000.00,0000000.00,0000000.00,0000000.00,0000000.00,    ,666,   ,0000000060,0000000060,000000000000,CR
00002,     ,7,N,0000032801,0000000000,00000.00,0000000000,00000.00,0000000000,0000000012,000000000.00,0000000000,00000.00,00000.00,00000.00,00000.00,00000.00,0000000.00,0000000.00,0000000.00,0000000.00,    ,666,   ,0000000060,0000000060,000000000000,DR
00002,00000,A,N,0000000000,0000000000,00000.00,0000000000,00000.00,0000000000,0000000012,000000000.00,0000000000,00000.00,00000.00,00000.00,00000.00,00000.00,0000000.00,0000000.00,0000000.00,0000000.00,    ,666,   ,0000000000,0000000000,000000000000,CR
00002,00000,A,N,0000000000,0000000000,00000.00,0000000000,00000.00,0000000000,0000000012,000000000.00,0000000000,00000.00,00000.00,00000.00,00000.00,00000.00,0000000.00,0000000.00,0000000.00,0000000.00,    ,666,   ,0000000000,0000000000,000000000000,DR
00002,00002,A,D,0000000000,0000000000,00000.00,0000000000,00000.00,0000000000,0000002984,000000572.45,0000000000,00000.00,00000.00,00000.00,00000.00,00000.00,0000000.00,0000000.00,0000000.00,0000000.00,    ,666,   ,0000000000,0000000000,008547897358,CR
00002,00002,A,D,0000000000,0000000000,00000.00,0000000000,00000.00,0000000000,0000002984,000000572.45,0000000000,00000.00,00000.00,00000.00,00000.00,00000.00,0000000.00,0000000.00,0000000.00,0000000.00,    ,666,   ,0000000000,0000000000,008547897358,DR
00002,00002,A,D,0000000000,0000000000,00000.00,0000000000,00000.00,0000000000,0000003149,000000004.34,0000000000,00000.00,00000.00,00000.00,00000.00,00000.00,0000000.00,0000000.00,0000000.00,0000000.00,    ,666,   ,0000000000,0000000000,000082730973,CR
00002,00002,A,D,0000000000,0000000000,00000.00,0000000000,00000.00,0000000000,0000003149,000000004.34,0000000000,00000.00,00000.00,00000.00,00000.00,00000.00,0000000.00,0000000.00,0000000.00,0000000.00,    ,666,   ,0000000000,0000000000,000082730973,DR
00002,00002,A,D,0000000000,0000000000,00000.00,0000000000,00000.00,0000000000,0000003840,000002050.61,0000000000,00000.00,00000.00,00000.00,00000.00,00000.00,0000000.00,0000000.00,0000000.00,0000000.00,    ,666,   ,0000000000,0000000000,029857529056,CR
00002,00002,A,D,0000000000,0000000000,00000.00,0000000000,00000.00,0000000000,0000003840,000002050.61,0000000000,00000.00,00000.00,00000.00,00000.00,00000.00,0000000.00,0000000.00,0000000.00,0000000.00,    ,666,   ,0000000000,0000000000,029857529056,DR
00002,00002,A,D,0000000000,0000000000,00000.00,0000000000,00000.00,0000000000,0000018958,004388899.32,0000000000,00000.00,00000.00,00000.00,00000.00,00000.00,0000000.00,0000000.00,0000000.00,0000000.00,    ,666,   ,0000000000,0000000000,731061432204,CR
00002,00002,A,D,0000000000,0000000000,00000.00,0000000000,00000.00,0000000000,0000018958,004388899.32,0000000000,00000.00,00000.00,00000.00,00000.00,00000.00,0000000.00,0000000.00,0000000.00,0000000.00,    ,666,   ,0000000000,0000000000,731061432204,DR
00002,00002,A,D,0000000000,0000000000,00000.00,0000000000,00000.00,0000000000,0000019759,000172211.77,0000000000,00000.00,00000.00,00000.00,00000.00,00000.00,0000000.00,0000000.00,0000000.00,0000000.00,    ,666,   ,0000000000,0000000000,152127014480,CR
00002,00002,A,D,0000000000,0000000000,00000.00,0000000000,00000.00,0000000000,0000019759,000172211.77,0000000000,00000.00,00000.00,00000.00,00000.00,00000.00,0000000.00,0000000.00,0000000.00,0000000.00,    ,666,   ,0000000000,0000000000,152127014480,DR
00002,00002,A,D,0000000000,0000000000,00000.00,0000000000,00000.00,0000000000,0000019760,000055713.56,0000000000,00000.00,00000.00,00000.00,00000.00,00000.00,0000000.00,0000000.00,0000000.00,0000000.00,    ,666,   ,0000000000,0000000000,705306037754,CR
00002,00002,A,D,0000000000,0000000000,00000.00,0000000000,00000.00,0000000000,0000019760,000055713.56,0000000000,00000.00,00000.00,00000.00,00000.00,00000.00,0000000.00,0000000.00,0000000.00,0000000.00,    ,666,   ,0000000000,0000000000,705306037754,DR
00002,00002,A,N,0000000001,0000000000,00000.00,0000000000,00000.00,0000000000,0000000000,000000000.00,0000000000,00000.00,00000.00,00000.00,00000.00,00000.00,0000000.90,0000000.00,0000000.00,0000000.00,    ,666,   ,0000001800,0000001620,000000000000,CR
00002,00002,A,N,0000000001,0000000000,00000.00,0000000000,00000.00,0000000000,0000000000,000000000.00,0000000000,00000.00,00000.00,00000.00,00000.00,00000.00,0000000.90,0000000.00,0000000.00,0000000.00,    ,666,   ,0000001800,0000001620,000000000000,DR
00002,00002,A,N,0000000001,0000000000,00000.00,0000000000,00000.00,0000000000,0000000012,000000000.00,0000000000,00000.00,00000.00,00000.00,00000.00,00000.00,0000000.36,0000000.00,0000000.00,0000000.00,    ,666,   ,0000000720,0000000000,000000000000,CR
00002,00002,A,N,0000000001,0000000000,00000.00,0000000000,00000.00,0000000000,0000000012,000000000.00,0000000000,00000.00,00000.00,00000.00,00000.00,00000.00,0000000.36,0000000.00,0000000.00,0000000.00,    ,666,   ,0000000720,0000000000,000000000000,DR
00002,00002,A,N,0000000001,0000000000,00000.00,0000000000,00000.00,0000005050,0000000095,000000000.00,0000000000,00000.00,00000.00,00000.00,00000.00,00000.00,0000006.90,0000002.22,0000000.00,0000000.00,    ,666,   ,0000018240,0000016980,000000000000,CR
00002,00002,A,N,0000000001,0000000000,00000.00,0000000000,00000.00,0000005050,0000000095,000000000.00,0000000000,00000.00,00000.00,00000.00,00000.00,00000.00,0000006.90,0000002.22,0000000.00,0000000.00,    ,666,   ,0000018240,0000016980,000000000000,DR
00002,00002,M,D,0000000000,0000000000,00000.00,0000000000,00000.00,0000000000,0000003840,000000000.00,0000000000,00000.00,00000.00,00000.00,00000.00,00000.00,0120328.07,0000000.00,0000000.00,0000000.00,    ,666,   ,0000000000,0000000000,331676035432,CR
00002,00002,M,D,0000000000,0000000000,00000.00,0000000000,00000.00,0000000000,0000003840,000000000.00,0000000000,00000.00,00000.00,00000.00,00000.00,00000.00,0120328.07,0000000.00,0000000.00,0000000.00,    ,666,   ,0000000000,0000000000,331676035432,DR
00002,00002,M,D,0000000000,0000000000,00000.00,0000000000,00000.00,0000000000,0000018958,000000000.00,0000000000,00000.00,00000.00,00000.00,00000.00,00000.00,1116374.16,0000000.00,0000000.00,0000000.00,    ,666,   ,0000000000,0000000000,849914531536,CR
00002,00002,M,D,0000000000,0000000000,00000.00,0000000000,00000.00,0000000000,0000018958,000000000.00,0000000000,00000.00,00000.00,00000.00,00000.00,00000.00,1116374.16,0000000.00,0000000.00,0000000.00,    ,666,   ,0000000000,0000000000,849914531536,DR
00002,00002,M,D,0000000000,0000000000,00000.00,0000000000,00000.00,0000000000,0000019759,000000000.00,0000000000,00000.00,00000.00,00000.00,00000.00,00000.00,0051519.65,0000000.00,0000000.00,0000000.00,    ,666,   ,0000000000,0000000000,884971991639,CR
00002,00002,M,D,0000000000,0000000000,00000.00,0000000000,00000.00,0000000000,0000019759,000000000.00,0000000000,00000.00,00000.00,00000.00,00000.00,00000.00,0051519.65,0000000.00,0000000.00,0000000.00,    ,666,   ,0000000000,0000000000,884971991639,DR
00002,00002,M,N,0000000001,0000000000,00000.00,0000000000,00000.00,0000000000,0000000000,000000000.00,0000000000,00000.00,00000.00,00000.00,00000.00,00000.00,0106229.04,0042019.50,0000000.00,0000000.00,    ,666,   ,0296492580,0023003460,000000000000,CR
00002,00002,M,N,0000000001,0000000000,00000.00,0000000000,00000.00,0000000000,0000000000,000000000.00,0000000000,00000.00,00000.00,00000.00,00000.00,00000.00,0106229.04,0042019.50,0000000.00,0000000.00,    ,666,   ,0296492580,0023003460,000000000000,DR
00002,00002,M,N,0000000001,0000000000,00000.00,0000000000,00000.00,0000000000,0000000000,000000000.00,0000000091,00000.00,00000.00,00000.00,00000.00,00000.00,0000001.65,0000000.00,0000000.00,0000000.00,    ,666,   ,0000003300,0000000000,000000000000,CR
00002,00002,M,N,0000000001,0000000000,00000.00,0000000000,00000.00,0000000000,0000000000,000000000.00,0000000091,00000.00,00000.00,00000.00,00000.00,00000.00,0000001.65,0000000.00,0000000.00,0000000.00,    ,666,   ,0000003300,0000000000,000000000000,DR
00002,00002,M,N,0000000001,0000000000,00000.00,0000000000,00000.00,0000000000,0000000012,000000000.00,0000000000,00000.00,00000.00,00000.00,00000.00,00000.00,0000997.38,0000000.00,0000000.00,0000000.00,    ,666,   ,0001993500,0000001560,000000000000,CR
00002,00002,M,N,0000000001,0000000000,00000.00,0000000000,00000.00,0000000000,0000000012,000000000.00,0000000000,00000.00,00000.00,00000.00,00000.00,00000.00,0000997.38,0000000.00,0000000.00,0000000.00,    ,666,   ,0001993500,0000001560,000000000000,DR
00002,00002,M,N,0000000001,0000000000,00000.00,0000000000,00000.00,0000000000,0000000095,000000000.00,0000000091,00000.00,00000.00,00000.00,00000.00,00000.00,0001823.85,0001090.92,0000000.00,0000000.00,    ,666,   ,0005829540,0000000000,000000000000,CR
00002,00002,M,N,0000000001,0000000000,00000.00,0000000000,00000.00,0000000000,0000000095,000000000.00,0000000091,00000.00,00000.00,00000.00,00000.00,00000.00,0001823.85,0001090.92,0000000.00,0000000.00,    ,666,   ,0005829540,0000000000,000000000000,DR
00002,00002,M,N,0000000001,0000000000,00000.00,0000000000,00000.00,0000000000,0000000220,000001229.82,0000000000,00000.00,00000.00,00000.00,00000.00,00000.00,0000029.76,0000007.50,0000000.00,0000000.00,    ,666,   ,0000074520,0000072360,000000000000,CR
00002,00002,M,N,0000000001,0000000000,00000.00,0000000000,00000.00,0000000000,0000000220,000001229.82,0000000000,00000.00,00000.00,00000.00,00000.00,00000.00,0000029.76,0000007.50,0000000.00,0000000.00,    ,666,   ,0000074520,0000072360,000000000000,DR
00002,00002,M,N,0000000001,0000000000,00000.00,0000000000,00000.00,0000000110,0000000000,000000000.00,0000000000,00000.00,00000.00,00000.00,00000.00,00000.00,0000991.05,0000238.05,0000000.00,0000000.00,    ,666,   ,0002458080,0000000000,000000000000,CR
00002,00002,M,N,0000000001,0000000000,00000.00,0000000000,00000.00,0000000110,0000000000,000000000.00,0000000000,00000.00,00000.00,00000.00,00000.00,00000.00,0000991.05,0000238.05,0000000.00,0000000.00,    ,666,   ,0002458080,0000000000,000000000000,DR
00002,00002,M,N,0000000001,0000000000,00000.00,0000000000,00000.00,0000005050,0000000000,000000000.00,0000000000,00000.00,00000.00,00000.00,00000.00,00000.00,0000116.01,0000014.46,0000000.00,0000000.00,    ,666,   ,0000260760,0000000000,000000000000,CR
00002,00002,M,N,0000000001,0000000000,00000.00,0000000000,00000.00,0000005050,0000000000,000000000.00,0000000000,00000.00,00000.00,00000.00,00000.00,00000.00,0000116.01,0000014.46,0000000.00,0000000.00,    ,666,   ,0000260760,0000000000,000000000000,DR
00002,00002,M,N,0000000001,0000000000,00000.00,0000000000,00000.00,0000005050,0000000000,000000000.00,0000000091,00000.00,00000.00,00000.00,00000.00,00000.00,0000059.52,0000034.23,0000000.00,0000000.00,    ,666,   ,0000187500,0000027840,000000000000,CR
00002,00002,M,N,0000000001,0000000000,00000.00,0000000000,00000.00,0000005050,0000000000,000000000.00,0000000091,00000.00,00000.00,00000.00,00000.00,00000.00,0000059.52,0000034.23,0000000.00,0000000.00,    ,666,   ,0000187500,0000027840,000000000000,DR
00002,00002,M,N,0000000001,0000000000,00000.00,0000000000,00000.00,0000005050,0000000012,000000000.00,0000000000,00000.00,00000.00,00000.00,00000.00,00000.00,0001397.13,0000000.00,0000000.00,0000000.00,    ,666,   ,0002794260,0002603820,000000000000,CR
00002,00002,M,N,0000000001,0000000000,00000.00,0000000000,00000.00,0000005050,0000000012,000000000.00,0000000000,00000.00,00000.00,00000.00,00000.00,00000.00,0001397.13,0000000.00,0000000.00,0000000.00,    ,666,   ,0002794260,0002603820,000000000000,DR
00002,00002,M,N,0000000001,0000000000,00000.00,0000000000,00000.00,0000005050,0000000095,000000384.17,0000000000,00000.00,00000.00,00000.00,00000.00,00000.00,0078314.97,0033513.54,0000000.00,0000000.00,    ,666,   ,0223657020,0214414680,000000000000,CR
00002,00002,M,N,0000000001,0000000000,00000.00,0000000000,00000.00,0000005050,0000000095,000000384.17,0000000000,00000.00,00000.00,00000.00,00000.00,00000.00,0078314.97,0033513.54,0000000.00,0000000.00,    ,666,   ,0223657020,0214414680,000000000000,DR
00002,00002,M,N,0000000001,0000000000,00000.00,0000000000,00000.00,0000005050,0000000095,000000000.00,0000000091,00000.00,00000.00,00000.00,00000.00,00000.00,0000000.06,0000000.00,0000000.00,0000000.00,    ,666,   ,0000000120,0000000000,000000000000,CR
00002,00002,M,N,0000000001,0000000000,00000.00,0000000000,00000.00,0000005050,0000000095,000000000.00,0000000091,00000.00,00000.00,00000.00,00000.00,00000.00,0000000.06,0000000.00,0000000.00,0000000.00,    ,666,   ,0000000120,0000000000,000000000000,DR
00002,00002,M,N,0000000001,0000000000,00000.00,0000000000,00000.00,0000005050,0000012872,000001470.71,0000000000,00000.00,00000.00,00000.00,00000.00,00000.00,0001115.25,0000551.01,0000000.00,0000000.00,    ,666,   ,0003332520,0003270120,000000000000,CR
00002,00002,M,N,0000000001,0000000000,00000.00,0000000000,00000.00,0000005050,0000012872,000001470.71,0000000000,00000.00,00000.00,00000.00,00000.00,00000.00,0001115.25,0000551.01,0000000.00,0000000.00,    ,666,   ,0003332520,0003270120,000000000000,DR
00002,00002,M,N,0000000001,0000000000,00000.00,0000000000,00000.00,0000005050,0000012873,000001786.91,0000000000,00000.00,00000.00,00000.00,00000.00,00000.00,0001274.04,0000623.76,0000000.00,0000000.00,    ,666,   ,0003795600,0003708180,000000000000,CR
00002,00002,M,N,0000000001,0000000000,00000.00,0000000000,00000.00,0000005050,0000012873,000001786.91,0000000000,00000.00,00000.00,00000.00,00000.00,00000.00,0001274.04,0000623.76,0000000.00,0000000.00,    ,666,   ,0003795600,0003708180,000000000000,DR
00002,00002,M,N,0000002957,0000000000,00000.00,0000000000,00000.00,0000000000,0000000000,000000000.00,0000000000,00000.00,00000.00,00000.00,00000.00,00000.00,0000000.00,0000000.00,0000000.00,0000000.00,    ,666,   ,0000001620,0000000000,000000000000,CR
00002,00002,M,N,0000002957,0000000000,00000.00,0000000000,00000.00,0000000000,0000000000,000000000.00,0000000000,00000.00,00000.00,00000.00,00000.00,00000.00,0000000.00,0000000.00,0000000.00,0000000.00,    ,666,   ,0000001620,0000000000,000000000000,DR
00002,00002,7,N,0000000001,0000000000,00000.00,0000000000,00000.00,0000000000,0000000012,000000000.00,0000000000,00000.00,00000.00,00000.00,00000.00,00000.00,0000011.07,0000000.00,0000000.00,0000000.00,    ,666,   ,0000022140,0000020880,000000000000,CR
00002,00002,7,N,0000000001,0000000000,00000.00,0000000000,00000.00,0000000000,0000000012,000000000.00,0000000000,00000.00,00000.00,00000.00,00000.00,00000.00,0000011.07,0000000.00,0000000.00,0000000.00,    ,666,   ,0000022140,0000020880,000000000000,DR
00002,00002,7,N,0000020839,0000000000,00000.00,0000000000,00000.00,0000000000,0000000000,000000000.00,0000000000,00000.00,00000.00,00000.00,00000.00,00000.00,0129169.80,0049917.63,0000000.00,0000000.00,    ,666,   ,1074518460,0024794760,000000000000,CR
00002,00002,7,N,0000020839,0000000000,00000.00,0000000000,00000.00,0000000000,0000000000,000000000.00,0000000000,00000.00,00000.00,00000.00,00000.00,00000.00,0129169.80,0049917.63,0000000.00,0000000.00,    ,666,   ,1074518460,0024794760,000000000000,DR
00002,00002,7,N,0000020839,0000000000,00000.00,0000000000,00000.00,0000000000,0000000000,000000000.00,0000000091,00000.00,00000.00,00000.00,00000.00,00000.00,0001133.23,0001105.23,0000000.00,0000000.00,    ,666,   ,0013430760,0000000000,000000000000,CR
00002,00002,7,N,0000020839,0000000000,00000.00,0000000000,00000.00,0000000000,0000000000,000000000.00,0000000091,00000.00,00000.00,00000.00,00000.00,00000.00,0001133.23,0001105.23,0000000.00,0000000.00,    ,666,   ,0013430760,0000000000,000000000000,DR
00002,00002,7,N,0000020839,0000000000,00000.00,0000000000,00000.00,0000000000,0000000012,000000000.00,0000000000,00000.00,00000.00,00000.00,00000.00,00000.00,0000030.71,0000000.00,0000000.00,0000000.00,    ,666,   ,0000184260,0000117660,000000000000,CR
00002,00002,7,N,0000020839,0000000000,00000.00,0000000000,00000.00,0000000000,0000000012,000000000.00,0000000000,00000.00,00000.00,00000.00,00000.00,00000.00,0000030.71,0000000.00,0000000.00,0000000.00,    ,666,   ,0000184260,0000117660,000000000000,DR
00002,00002,7,N,0000020839,0000000000,00000.00,0000000000,00000.00,0000000000,0000000095,000000000.00,0000000091,00000.00,00000.00,00000.00,00000.00,00000.00,0000000.29,0000000.00,0000000.00,0000000.00,    ,666,   ,0000001740,0000000000,000000000000,CR
00002,00002,7,N,0000020839,0000000000,00000.00,0000000000,00000.00,0000000000,0000000095,000000000.00,0000000091,00000.00,00000.00,00000.00,00000.00,00000.00,0000000.29,0000000.00,0000000.00,0000000.00,    ,666,   ,0000001740,0000000000,000000000000,DR
00002,00002,7,N,0000020839,0000000000,00000.00,0000000000,00000.00,0000000000,0000000220,000001550.21,0000000000,00000.00,00000.00,00000.00,00000.00,00000.00,0000009.29,0000003.37,0000000.00,0000000.00,    ,666,   ,0000075960,0000075960,000000000000,CR
00002,00002,7,N,0000020839,0000000000,00000.00,0000000000,00000.00,0000000000,0000000220,000001550.21,0000000000,00000.00,00000.00,00000.00,00000.00,00000.00,0000009.29,0000003.37,0000000.00,0000000.00,    ,666,   ,0000075960,0000075960,000000000000,DR
00002,00002,7,N,0000020839,0000000000,00000.00,0000000000,00000.00,0000005050,0000000000,000000000.00,0000000091,00000.00,00000.00,00000.00,00000.00,00000.00,0000028.94,0000028.91,0000000.00,0000000.00,    ,666,   ,0000347100,0000066180,000000000000,CR
00002,00002,7,N,0000020839,0000000000,00000.00,0000000000,00000.00,0000005050,0000000000,000000000.00,0000000091,00000.00,00000.00,00000.00,00000.00,00000.00,0000028.94,0000028.91,0000000.00,0000000.00,    ,666,   ,0000347100,0000066180,000000000000,DR
00002,00002,7,N,0000020839,0000000000,00000.00,0000000000,00000.00,0000005050,0000000095,000001452.58,0000000000,00000.00,00000.00,00000.00,00000.00,00000.00,0133838.02,0052533.13,0000000.00,0000000.00,    ,666,   ,1118226780,1082759400,000000000000,CR
00002,00002,7,N,0000020839,0000000000,00000.00,0000000000,00000.00,0000005050,0000000095,000001452.58,0000000000,00000.00,00000.00,00000.00,00000.00,00000.00,0133838.02,0052533.13,0000000.00,0000000.00,    ,666,   ,1118226780,1082759400,000000000000,DR
00002,00002,7,N,0000020839,0000000000,00000.00,0000000000,00000.00,0000005050,0000012872,000007433.20,0000000000,00000.00,00000.00,00000.00,00000.00,00000.00,0001150.53,0000544.24,0000000.00,0000000.00,    ,666,   ,0010168620,0010000680,000000000000,CR
00002,00002,7,N,0000020839,0000000000,00000.00,0000000000,00000.00,0000005050,0000012872,000007433.20,0000000000,00000.00,00000.00,00000.00,00000.00,00000.00,0001150.53,0000544.24,0000000.00,0000000.00,    ,666,   ,0010168620,0010000680,000000000000,DR
00002,00002,7,N,0000020839,0000000000,00000.00,0000000000,00000.00,0000005050,0000012873,000008350.06,0000000000,00000.00,00000.00,00000.00,00000.00,00000.00,0001558.84,0000784.92,0000000.00,0000000.00,    ,666,   ,0014062560,0013784220,000000000000,CR
00002,00002,7,N,0000020839,0000000000,00000.00,0000000000,00000.00,0000005050,0000012873,000008350.06,0000000000,00000.00,00000.00,00000.00,00000.00,00000.00,0001558.84,0000784.92,0000000.00,0000000.00,    ,666,   ,0014062560,0013784220,000000000000,DR
00002,00004,A,D,0000000000,0000000000,00000.00,0000000000,00000.00,0000000000,0000002984,000000010.41,0000000000,00000.00,00000.00,00000.00,00000.00,00000.00,0000000.00,0000000.00,0000000.00,0000000.00,    ,667,   ,0000000000,0000000000,000170537016,CR
00002,00004,A,D,0000000000,0000000000,00000.00,0000000000,00000.00,0000000000,0000002984,000000010.41,0000000000,00000.00,00000.00,00000.00,00000.00,00000.00,0000000.00,0000000.00,0000000.00,0000000.00,    ,666,   ,0000000000,0000000000,000170537016,DR
00002,00004,A,D,0000000000,0000000000,00000.00,0000000000,00000.00,0000000000,0000003840,000000027.53,0000000000,00000.00,00000.00,00000.00,00000.00,00000.00,0000000.00,0000000.00,0000000.00,0000000.00,    ,667,   ,0000000000,0000000000,000325667523,CR
00002,00004,A,D,0000000000,0000000000,00000.00,0000000000,00000.00,0000000000,0000003840,000000027.53,0000000000,00000.00,00000.00,00000.00,00000.00,00000.00,0000000.00,0000000.00,0000000.00,0000000.00,    ,666,   ,0000000000,0000000000,000325667523,DR
00002,00004,A,D,0000000000,0000000000,00000.00,0000000000,00000.00,0000000000,0000018958,000089196.36,0000000000,00000.00,00000.00,00000.00,00000.00,00000.00,0000000.00,0000000.00,0000000.00,0000000.00,    ,667,   ,0000000000,0000000000,223613258326,CR
00002,00004,A,D,0000000000,0000000000,00000.00,0000000000,00000.00,0000000000,0000018958,000089196.36,0000000000,00000.00,00000.00,00000.00,00000.00,00000.00,0000000.00,0000000.00,0000000.00,0000000.00,    ,666,   ,0000000000,0000000000,223613258326,DR
00002,00004,A,D,0000000000,0000000000,00000.00,0000000000,00000.00,0000000000,0000019759,000004338.10,0000000000,00000.00,00000.00,00000.00,00000.00,00000.00,0000000.00,0000000.00,0000000.00,0000000.00,    ,667,   ,0000000000,0000000000,079512432977,CR
00002,00004,A,D,0000000000,0000000000,00000.00,0000000000,00000.00,0000000000,0000019759,000004338.10,0000000000,00000.00,00000.00,00000.00,00000.00,00000.00,0000000.00,0000000.00,0000000.00,0000000.00,    ,666,   ,0000000000,0000000000,079512432977,DR
00002,00004,A,D,0000000000,0000000000,00000.00,0000000000,00000.00,0000000000,0000019760,000001137.64,0000000000,00000.00,00000.00,00000.00,00000.00,00000.00,0000000.00,0000000.00,0000000.00,0000000.00,    ,667,   ,0000000000,0000000000,116009333481,CR
00002,00004,A,D,0000000000,0000000000,00000.00,0000000000,00000.00,0000000000,0000019760,000001137.64,0000000000,00000.00,00000.00,00000.00,00000.00,00000.00,0000000.00,0000000.00,0000000.00,0000000.00,    ,666,   ,0000000000,0000000000,116009333481,DR
00002,00004,M,D,0000000000,0000000000,00000.00,0000000000,00000.00,0000000000,0000003840,000000000.00,0000000000,00000.00,00000.00,00000.00,00000.00,00000.00,0001344.44,0000000.00,0000000.00,0000000.00,    ,667,   ,0000000000,0000000000,026326624446,CR
00002,00004,M,D,0000000000,0000000000,00000.00,0000000000,00000.00,0000000000,0000003840,000000000.00,0000000000,00000.00,00000.00,00000.00,00000.00,00000.00,0001344.44,0000000.00,0000000.00,0000000.00,    ,666,   ,0000000000,0000000000,026326624446,DR
00002,00004,M,D,0000000000,0000000000,00000.00,0000000000,00000.00,0000000000,0000018958,000000000.00,0000000000,00000.00,00000.00,00000.00,00000.00,00000.00,0016838.53,0000000.00,0000000.00,0000000.00,    ,667,   ,0000000000,0000000000,718242238259,CR
00002,00004,M,D,0000000000,0000000000,00000.00,0000000000,00000.00,0000000000,0000018958,000000000.00,0000000000,00000.00,00000.00,00000.00,00000.00,00000.00,0016838.53,0000000.00,0000000.00,0000000.00,    ,666,   ,0000000000,0000000000,718242238259,DR
00002,00004,M,D,0000000000,0000000000,00000.00,0000000000,00000.00,0000000000,0000019759,000000000.00,0000000000,00000.00,00000.00,00000.00,00000.00,00000.00,0001230.57,0000000.00,0000000.00,0000000.00,    ,667,   ,0000000000,0000000000,018488410602,CR
00002,00004,M,D,0000000000,0000000000,00000.00,0000000000,00000.00,0000000000,0000019759,000000000.00,0000000000,00000.00,00000.00,00000.00,00000.00,00000.00,0001230.57,0000000.00,0000000.00,0000000.00,    ,666,   ,0000000000,0000000000,018488410602,DR
00002,00004,M,N,0000000001,0000000000,00000.00,0000000000,00000.00,0000000000,0000000000,000000000.00,0000000000,00000.00,00000.00,00000.00,00000.00,00000.00,0001385.07,0000497.16,0000000.00,0000000.00,    ,667,   ,0003764400,0000177660,000000000000,CR
00002,00004,M,N,0000000001,0000000000,00000.00,0000000000,00000.00,0000000000,0000000000,000000000.00,0000000000,00000.00,00000.00,00000.00,00000.00,00000.00,0001385.07,0000497.16,0000000.00,0000000.00,    ,666,   ,0003764400,0000177660,000000000000,DR
00002,00004,M,N,0000000001,0000000000,00000.00,0000000000,00000.00,0000000000,0000000012,000000000.00,0000000000,00000.00,00000.00,00000.00,00000.00,00000.00,0000004.47,0000000.00,0000000.00,0000000.00,    ,667,   ,0000008940,0000000000,000000000000,CR
00002,00004,M,N,0000000001,0000000000,00000.00,0000000000,00000.00,0000000000,0000000012,000000000.00,0000000000,00000.00,00000.00,00000.00,00000.00,00000.00,0000004.47,0000000.00,0000000.00,0000000.00,    ,666,   ,0000008940,0000000000,000000000000,DR
00002,00004,M,N,0000000001,0000000000,00000.00,0000000000,00000.00,0000000000,0000000095,000000000.00,0000000091,00000.00,00000.00,00000.00,00000.00,00000.00,0000003.66,0000002.49,0000000.00,0000000.00,    ,667,   ,0000012300,0000000000,000000000000,CR
00002,00004,M,N,0000000001,0000000000,00000.00,0000000000,00000.00,0000000000,0000000095,000000000.00,0000000091,00000.00,00000.00,00000.00,00000.00,00000.00,0000003.66,0000002.49,0000000.00,0000000.00,    ,666,   ,0000012300,0000000000,000000000000,DR
00002,00004,M,N,0000000001,0000000000,00000.00,0000000000,00000.00,0000000000,0000000220,000000009.95,0000000000,00000.00,00000.00,00000.00,00000.00,00000.00,0000000.15,0000000.06,0000000.00,0000000.00,    ,667,   ,0000000420,0000000420,000000000000,CR
00002,00004,M,N,0000000001,0000000000,00000.00,0000000000,00000.00,0000000000,0000000220,000000009.95,0000000000,00000.00,00000.00,00000.00,00000.00,00000.00,0000000.15,0000000.06,0000000.00,0000000.00,    ,666,   ,0000000420,0000000420,000000000000,DR
00002,00004,M,N,0000000001,0000000000,00000.00,0000000000,00000.00,0000000110,0000000000,000000000.00,0000000000,00000.00,00000.00,00000.00,00000.00,00000.00,0000000.27,0000000.00,0000000.00,0000000.00,    ,667,   ,0000000540,0000000000,000000000000,CR
00002,00004,M,N,0000000001,0000000000,00000.00,0000000000,00000.00,0000000110,0000000000,000000000.00,0000000000,00000.00,00000.00,00000.00,00000.00,00000.00,0000000.27,0000000.00,0000000.00,0000000.00,    ,666,   ,0000000540,0000000000,000000000000,DR
00002,00004,M,N,0000000001,0000000000,00000.00,0000000000,00000.00,0000005050,0000000000,000000000.00,0000000000,00000.00,00000.00,00000.00,00000.00,00000.00,0000000.03,0000000.00,0000000.00,0000000.00,    ,667,   ,0000000060,0000000000,000000000000,CR
00002,00004,M,N,0000000001,0000000000,00000.00,0000000000,00000.00,0000005050,0000000000,000000000.00,0000000000,00000.00,00000.00,00000.00,00000.00,00000.00,0000000.03,0000000.00,0000000.00,0000000.00,    ,666,   ,0000000060,0000000000,000000000000,DR
00002,00004,M,N,0000000001,0000000000,00000.00,0000000000,00000.00,0000005050,0000000012,000000000.00,0000000000,00000.00,00000.00,00000.00,00000.00,00000.00,0000006.60,0000000.00,0000000.00,0000000.00,    ,667,   ,0000013200,0000012360,000000000000,CR
00002,00004,M,N,0000000001,0000000000,00000.00,0000000000,00000.00,0000005050,0000000012,000000000.00,0000000000,00000.00,00000.00,00000.00,00000.00,00000.00,0000006.60,0000000.00,0000000.00,0000000.00,    ,666,   ,0000013200,0000012360,000000000000,DR
00002,00004,M,N,0000000001,0000000000,00000.00,0000000000,00000.00,0000005050,0000000095,000000015.68,0000000000,00000.00,00000.00,00000.00,00000.00,00000.00,0001110.42,0000458.46,0000000.00,0000000.00,    ,667,   ,0003137760,0003012000,000000000000,CR
00002,00004,M,N,0000000001,0000000000,00000.00,0000000000,00000.00,0000005050,0000000095,000000015.68,0000000000,00000.00,00000.00,00000.00,00000.00,00000.00,0001110.42,0000458.46,0000000.00,0000000.00,    ,666,   ,0003137760,0003012000,000000000000,DR
00002,00004,M,N,0000000001,0000000000,00000.00,0000000000,00000.00,0000005050,0000000095,000000000.00,0000000091,00000.00,00000.00,00000.00,00000.00,00000.00,0000000.03,0000000.06,0000000.00,0000000.00,    ,667,   ,0000000180,0000000000,000000000000,CR
00002,00004,M,N,0000000001,0000000000,00000.00,0000000000,00000.00,0000005050,0000000095,000000000.00,0000000091,00000.00,00000.00,00000.00,00000.00,00000.00,0000000.03,0000000.06,0000000.00,0000000.00,    ,666,   ,0000000180,0000000000,000000000000,DR
00002,00004,M,N,0000000001,0000000000,00000.00,0000000000,00000.00,0000005050,0000012872,000000011.50,0000000000,00000.00,00000.00,00000.00,00000.00,00000.00,0000005.61,0000001.89,0000000.00,0000000.00,    ,667,   ,0000015000,0000014460,000000000000,CR
00002,00004,M,N,0000000001,0000000000,00000.00,0000000000,00000.00,0000005050,0000012872,000000011.50,0000000000,00000.00,00000.00,00000.00,00000.00,00000.00,0000005.61,0000001.89,0000000.00,0000000.00,    ,666,   ,0000015000,0000014460,000000000000,DR
00002,00004,M,N,0000000001,0000000000,00000.00,0000000000,00000.00,0000005050,0000012873,000000020.38,0000000000,00000.00,00000.00,00000.00,00000.00,00000.00,0000008.49,0000002.97,0000000.00,0000000.00,    ,667,   ,0000022920,0000021900,000000000000,CR
00002,00004,M,N,0000000001,0000000000,00000.00,0000000000,00000.00,0000005050,0000012873,000000020.38,0000000000,00000.00,00000.00,00000.00,00000.00,00000.00,0000008.49,0000002.97,0000000.00,0000000.00,    ,666,   ,0000022920,0000021900,000000000000,DR
00002,00004,7,N,0000020839,0000000000,00000.00,0000000000,00000.00,0000000000,0000000000,000000000.00,0000000000,00000.00,00000.00,00000.00,00000.00,00000.00,0002418.00,0000896.77,0000000.00,0000000.00,    ,667,   ,0019888440,0000574800,000000000000,CR
00002,00004,7,N,0000020839,0000000000,00000.00,0000000000,00000.00,0000000000,0000000000,000000000.00,0000000000,00000.00,00000.00,00000.00,00000.00,00000.00,0002418.00,0000896.77,0000000.00,0000000.00,    ,666,   ,0019888440,0000574800,000000000000,DR
00002,00004,7,N,0000020839,0000000000,00000.00,0000000000,00000.00,0000000000,0000000000,000000000.00,0000000091,00000.00,00000.00,00000.00,00000.00,00000.00,0000003.85,0000001.41,0000000.00,0000000.00,    ,667,   ,0000031560,0000000000,000000000000,CR
00002,00004,7,N,0000020839,0000000000,00000.00,0000000000,00000.00,0000000000,0000000000,000000000.00,0000000091,00000.00,00000.00,00000.00,00000.00,00000.00,0000003.85,0000001.41,0000000.00,0000000.00,    ,666,   ,0000031560,0000000000,000000000000,DR
00002,00004,7,N,0000020839,0000000000,00000.00,0000000000,00000.00,0000000000,0000000220,000000011.94,0000000000,00000.00,00000.00,00000.00,00000.00,00000.00,0000000.01,0000000.06,0000000.00,0000000.00,    ,667,   ,0000000420,0000000420,000000000000,CR
00002,00004,7,N,0000020839,0000000000,00000.00,0000000000,00000.00,0000000000,0000000220,000000011.94,0000000000,00000.00,00000.00,00000.00,00000.00,00000.00,0000000.01,0000000.06,0000000.00,0000000.00,    ,666,   ,0000000420,0000000420,000000000000,DR
00002,00004,7,N,0000020839,0000000000,00000.00,0000000000,00000.00,0000005050,0000000000,000000000.00,0000000091,00000.00,00000.00,00000.00,00000.00,00000.00,0000000.04,0000000.08,0000000.00,0000000.00,    ,667,   ,0000000720,0000000000,000000000000,CR
00002,00004,7,N,0000020839,0000000000,00000.00,0000000000,00000.00,0000005050,0000000000,000000000.00,0000000091,00000.00,00000.00,00000.00,00000.00,00000.00,0000000.04,0000000.08,0000000.00,0000000.00,    ,666,   ,0000000720,0000000000,000000000000,DR
00002,00004,7,N,0000020839,0000000000,00000.00,0000000000,00000.00,0000005050,0000000095,000000030.87,0000000000,00000.00,00000.00,00000.00,00000.00,00000.00,0002561.26,0000911.60,0000000.00,0000000.00,    ,667,   ,0020837160,0020238000,000000000000,CR
00002,00004,7,N,0000020839,0000000000,00000.00,0000000000,00000.00,0000005050,0000000095,000000030.87,0000000000,00000.00,00000.00,00000.00,00000.00,00000.00,0002561.26,0000911.60,0000000.00,0000000.00,    ,666,   ,0020837160,0020238000,000000000000,DR
00002,00004,7,N,0000020839,0000000000,00000.00,0000000000,00000.00,0000005050,0000012872,000000297.58,0000000000,00000.00,00000.00,00000.00,00000.00,00000.00,0000008.64,0000004.37,0000000.00,0000000.00,    ,667,   ,0000078060,0000075420,000000000000,CR
00002,00004,7,N,0000020839,0000000000,00000.00,0000000000,00000.00,0000005050,0000012872,000000297.58,0000000000,00000.00,00000.00,00000.00,00000.00,00000.00,0000008.64,0000004.37,0000000.00,0000000.00,    ,666,   ,0000078060,0000075420,000000000000,DR
00002,00004,7,N,0000020839,0000000000,00000.00,0000000000,00000.00,0000005050,0000012873,000000092.91,0000000000,00000.00,00000.00,00000.00,00000.00,00000.00,0000018.35,0000006.74,0000000.00,0000000.00,    ,667,   ,0000150540,0000145740,000000000000,CR
00002,00004,7,N,0000020839,0000000000,00000.00,0000000000,00000.00,0000005050,0000012873,000000092.91,0000000000,00000.00,00000.00,00000.00,00000.00,00000.00,0000018.35,0000006.74,0000000.00,0000000.00,    ,666,   ,0000150540,0000145740,000000000000,DR
00002,00005,A,D,0000000000,0000000000,00000.00,0000000000,00000.00,0000000000,0000003840,000000000.00,0000000000,00000.00,00000.00,00000.00,00000.00,00000.00,0000000.00,0000000.00,0000000.00,0000000.00,    ,666,   ,0000000000,0000000000,000000089502,CR
00002,00005,A,D,0000000000,0000000000,00000.00,0000000000,00000.00,0000000000,0000003840,000000000.00,0000000000,00000.00,00000.00,00000.00,00000.00,00000.00,0000000.00,0000000.00,0000000.00,0000000.00,    ,666,   ,0000000000,0000000000,000000089502,DR
00002,00005,A,D,0000000000,0000000000,00000.00,0000000000,00000.00,0000000000,0000019759,000000000.00,0000000000,00000.00,00000.00,00000.00,00000.00,00000.00,0000000.00,0000000.00,0000000.00,0000000.00,    ,666,   ,0000000000,0000000000,000716388266,CR
00002,00005,A,D,0000000000,0000000000,00000.00,0000000000,00000.00,0000000000,0000019759,000000000.00,0000000000,00000.00,00000.00,00000.00,00000.00,00000.00,0000000.00,0000000.00,0000000.00,0000000.00,    ,666,   ,0000000000,0000000000,000716388266,DR
00002,00006,A,D,0000000000,0000000000,00000.00,0000000000,00000.00,0000000000,0000002984,000000022.41,0000000000,00000.00,00000.00,00000.00,00000.00,00000.00,0000000.00,0000000.00,0000000.00,0000000.00,    ,748,   ,0000000000,0000000000,000428081791,CR
00002,00006,A,D,0000000000,0000000000,00000.00,0000000000,00000.00,0000000000,0000002984,000000022.41,0000000000,00000.00,00000.00,00000.00,00000.00,00000.00,0000000.00,0000000.00,0000000.00,0000000.00,    ,666,   ,0000000000,0000000000,000428081791,DR
00002,00006,A,D,0000000000,0000000000,00000.00,0000000000,00000.00,0000000000,0000003840,000000000.82,0000000000,00000.00,00000.00,00000.00,00000.00,00000.00,0000000.00,0000000.00,0000000.00,0000000.00,    ,748,   ,0000000000,0000000000,000010667678,CR
00002,00006,A,D,0000000000,0000000000,00000.00,0000000000,00000.00,0000000000,0000003840,000000000.82,0000000000,00000.00,00000.00,00000.00,00000.00,00000.00,0000000.00,0000000.00,0000000.00,0000000.00,    ,666,   ,0000000000,0000000000,000010667678,DR
00002,00006,A,D,0000000000,0000000000,00000.00,0000000000,00000.00,0000000000,0000018958,000025085.97,0000000000,00000.00,00000.00,00000.00,00000.00,00000.00,0000000.00,0000000.00,0000000.00,0000000.00,    ,748,   ,0000000000,0000000000,592816697352,CR
00002,00006,A,D,0000000000,0000000000,00000.00,0000000000,00000.00,0000000000,0000018958,000025085.97,0000000000,00000.00,00000.00,00000.00,00000.00,00000.00,0000000.00,0000000.00,0000000.00,0000000.00,    ,666,   ,0000000000,0000000000,592816697352,DR
00002,00006,A,D,0000000000,0000000000,00000.00,0000000000,00000.00,0000000000,0000019759,000001113.85,0000000000,00000.00,00000.00,00000.00,00000.00,00000.00,0000000.00,0000000.00,0000000.00,0000000.00,    ,748,   ,0000000000,0000000000,020219943315,CR
00002,00006,A,D,0000000000,0000000000,00000.00,0000000000,00000.00,0000000000,0000019759,000001113.85,0000000000,00000.00,00000.00,00000.00,00000.00,00000.00,0000000.00,0000000.00,0000000.00,0000000.00,    ,666,   ,0000000000,0000000000,020219943315,DR
00002,00006,A,D,0000000000,0000000000,00000.00,0000000000,00000.00,0000000000,0000019760,000000503.73,0000000000,00000.00,00000.00,00000.00,00000.00,00000.00,0000000.00,0000000.00,0000000.00,0000000.00,    ,748,   ,0000000000,0000000000,051732839214,CR
00002,00006,A,D,0000000000,0000000000,00000.00,0000000000,00000.00,0000000000,0000019760,000000503.73,0000000000,00000.00,00000.00,00000.00,00000.00,00000.00,0000000.00,0000000.00,0000000.00,0000000.00,    ,666,   ,0000000000,0000000000,051732839214,DR
00002,00006,A,N,0000000001,0000000000,00000.00,0000000000,00000.00,0000000000,0000000000,000000000.00,0000000000,00000.00,00000.00,00000.00,00000.00,00000.00,0000300.78,0000128.76,0000000.00,0000000.00,    ,748,   ,0000859080,0000021840,000000000000,CR
00002,00006,A,N,0000000001,0000000000,00000.00,0000000000,00000.00,0000000000,0000000000,000000000.00,0000000000,00000.00,00000.00,00000.00,00000.00,00000.00,0000300.78,0000128.76,0000000.00,0000000.00,    ,666,   ,0000859080,0000021840,000000000000,DR
00002,00006,A,N,0000000001,0000000000,00000.00,0000000000,00000.00,0000000000,0000000012,000000000.00,0000000000,00000.00,00000.00,00000.00,00000.00,00000.00,0001394.91,0000000.00,0000000.00,0000000.00,    ,748,   ,0002789820,0001871100,000000000000,CR
00002,00006,A,N,0000000001,0000000000,00000.00,0000000000,00000.00,0000000000,0000000012,000000000.00,0000000000,00000.00,00000.00,00000.00,00000.00,00000.00,0001394.91,0000000.00,0000000.00,0000000.00,    ,666,   ,0002789820,0001871100,000000000000,DR
00002,00006,A,N,0000000001,0000000000,00000.00,0000000000,00000.00,0000000000,0000000095,000000000.00,0000000091,00000.00,00000.00,00000.00,00000.00,00000.00,0000000.15,0000000.54,0000000.00,0000000.00,    ,748,   ,0000001380,0000000000,000000000000,CR
00002,00006,A,N,0000000001,0000000000,00000.00,0000000000,00000.00,0000000000,0000000095,000000000.00,0000000091,00000.00,00000.00,00000.00,00000.00,00000.00,0000000.15,0000000.54,0000000.00,0000000.00,    ,666,   ,0000001380,0000000000,000000000000,DR
00002,00006,A,N,0000000001,0000000000,00000.00,0000000000,00000.00,0000005050,0000000012,000000000.00,0000000000,00000.00,00000.00,00000.00,00000.00,00000.00,0000007.11,0000000.00,0000000.00,0000000.00,    ,748,   ,0000014220,0000014220,000000000000,CR
00002,00006,A,N,0000000001,0000000000,00000.00,0000000000,00000.00,0000005050,0000000012,000000000.00,0000000000,00000.00,00000.00,00000.00,00000.00,00000.00,0000007.11,0000000.00,0000000.00,0000000.00,    ,666,   ,0000014220,0000014220,000000000000,DR
00002,00006,A,N,0000000001,0000000000,00000.00,0000000000,00000.00,0000005050,0000000095,000000003.43,0000000000,00000.00,00000.00,00000.00,00000.00,00000.00,0000332.04,0000139.17,0000000.00,0000000.00,    ,748,   ,0000942420,0000916800,000000000000,CR
00002,00006,A,N,0000000001,0000000000,00000.00,0000000000,00000.00,0000005050,0000000095,000000003.43,0000000000,00000.00,00000.00,00000.00,00000.00,00000.00,0000332.04,0000139.17,0000000.00,0000000.00,    ,666,   ,0000942420,0000916800,000000000000,DR
00002,00006,A,N,0000000001,0000000000,00000.00,0000000000,00000.00,0000005050,0000012872,000000000.64,0000000000,00000.00,00000.00,00000.00,00000.00,00000.00,0000000.18,0000000.00,0000000.00,0000000.00,    ,748,   ,0000000360,0000000360,000000000000,CR
00002,00006,A,N,0000000001,0000000000,00000.00,0000000000,00000.00,0000005050,0000012872,000000000.64,0000000000,00000.00,00000.00,00000.00,00000.00,00000.00,0000000.18,0000000.00,0000000.00,0000000.00,    ,666,   ,0000000360,0000000360,000000000000,DR
00002,00006,A,N,0000000001,0000000000,00000.00,0000000000,00000.00,0000005050,0000012873,000000018.46,0000000000,00000.00,00000.00,00000.00,00000.00,00000.00,0000006.15,0000004.65,0000000.00,0000000.00,    ,748,   ,0000021600,0000021120,000000000000,CR
00002,00006,A,N,0000000001,0000000000,00000.00,0000000000,00000.00,0000005050,0000012873,000000018.46,0000000000,00000.00,00000.00,00000.00,00000.00,00000.00,0000006.15,0000004.65,0000000.00,0000000.00,    ,666,   ,0000021600,0000021120,000000000000,DR
00002,00006,M,D,0000000000,0000000000,00000.00,0000000000,00000.00,0000000000,0000003840,000000000.00,0000000000,00000.00,00000.00,00000.00,00000.00,00000.00,0005855.82,0000000.00,0000000.00,0000000.00,    ,748,   ,0000000000,0000000000,118632357164,CR
00002,00006,M,D,0000000000,0000000000,00000.00,0000000000,00000.00,0000000000,0000003840,000000000.00,0000000000,00000.00,00000.00,00000.00,00000.00,00000.00,0005855.82,0000000.00,0000000.00,0000000.00,    ,666,   ,0000000000,0000000000,118632357164,DR
00002,00006,M,D,0000000000,0000000000,00000.00,0000000000,00000.00,0000000000,0000018958,000000000.00,0000000000,00000.00,00000.00,00000.00,00000.00,00000.00,0004387.79,0000000.00,0000000.00,0000000.00,    ,748,   ,0000000000,0000000000,446826873338,CR
00002,00006,M,D,0000000000,0000000000,00000.00,0000000000,00000.00,0000000000,0000018958,000000000.00,0000000000,00000.00,00000.00,00000.00,00000.00,00000.00,0004387.79,0000000.00,0000000.00,0000000.00,    ,666,   ,0000000000,0000000000,446826873338,DR
00002,00006,M,D,0000000000,0000000000,00000.00,0000000000,00000.00,0000000000,0000019759,000000000.00,0000000000,00000.00,00000.00,00000.00,00000.00,00000.00,0000096.02,0000000.00,0000000.00,0000000.00,    ,748,   ,0000000000,0000000000,001444692209,CR
00002,00006,M,D,0000000000,0000000000,00000.00,0000000000,00000.00,0000000000,0000019759,000000000.00,0000000000,00000.00,00000.00,00000.00,00000.00,00000.00,0000096.02,0000000.00,0000000.00,0000000.00,    ,666,   ,0000000000,0000000000,001444692209,DR
00002,00006,M,N,0000000001,0000000000,00000.00,0000000000,00000.00,0000000000,0000000000,000000000.00,0000000000,00000.00,00000.00,00000.00,00000.00,00000.00,0000027.54,0000004.26,0000000.00,0000000.00,    ,748,   ,0000063600,0000000000,000000000000,CR
00002,00006,M,N,0000000001,0000000000,00000.00,0000000000,00000.00,0000000000,0000000000,000000000.00,0000000000,00000.00,00000.00,00000.00,00000.00,00000.00,0000027.54,0000004.26,0000000.00,0000000.00,    ,666,   ,0000063600,0000000000,000000000000,DR
00002,00006,M,N,0000000001,0000000000,00000.00,0000000000,00000.00,0000000000,0000000012,000000000.00,0000000000,00000.00,00000.00,00000.00,00000.00,00000.00,0000000.06,0000000.00,0000000.00,0000000.00,    ,748,   ,0000000120,0000000000,000000000000,CR
00002,00006,M,N,0000000001,0000000000,00000.00,0000000000,00000.00,0000000000,0000000012,000000000.00,0000000000,00000.00,00000.00,00000.00,00000.00,00000.00,0000000.06,0000000.00,0000000.00,0000000.00,    ,666,   ,0000000120,0000000000,000000000000,DR
00002,00006,M,N,0000000001,0000000000,00000.00,0000000000,00000.00,0000005050,0000000000,000000000.00,0000000000,00000.00,00000.00,00000.00,00000.00,00000.00,0000000.54,0000000.00,0000000.00,0000000.00,    ,748,   ,0000001080,0000000000,000000000000,CR
00002,00006,M,N,0000000001,0000000000,00000.00,0000000000,00000.00,0000005050,0000000000,000000000.00,0000000000,00000.00,00000.00,00000.00,00000.00,00000.00,0000000.54,0000000.00,0000000.00,0000000.00,    ,666,   ,0000001080,0000000000,000000000000,DR
00002,00006,M,N,0000000001,0000000000,00000.00,0000000000,00000.00,0000005050,0000000012,000000000.00,0000000000,00000.00,00000.00,00000.00,00000.00,00000.00,0000000.06,0000000.00,0000000.00,0000000.00,    ,748,   ,0000000120,0000000120,000000000000,CR
00002,00006,M,N,0000000001,0000000000,00000.00,0000000000,00000.00,0000005050,0000000012,000000000.00,0000000000,00000.00,00000.00,00000.00,00000.00,00000.00,0000000.06,0000000.00,0000000.00,0000000.00,    ,666,   ,0000000120,0000000120,000000000000,DR
00002,00006,M,N,0000000001,0000000000,00000.00,0000000000,00000.00,0000005050,0000000095,000000000.00,0000000000,00000.00,00000.00,00000.00,00000.00,00000.00,0000010.74,0000002.82,0000000.00,0000000.00,    ,748,   ,0000027120,0000025620,000000000000,CR
00002,00006,M,N,0000000001,0000000000,00000.00,0000000000,00000.00,0000005050,0000000095,000000000.00,0000000000,00000.00,00000.00,00000.00,00000.00,00000.00,0000010.74,0000002.82,0000000.00,0000000.00,    ,666,   ,0000027120,0000025620,000000000000,DR
00002,00006,7,N,0000020839,0000000000,00000.00,0000000000,00000.00,0000000000,0000000000,000000000.00,0000000000,00000.00,00000.00,00000.00,00000.00,00000.00,0000648.95,0000245.27,0000000.00,0000000.00,    ,748,   ,0005365320,0000106260,000000000000,CR
00002,00006,7,N,0000020839,0000000000,00000.00,0000000000,00000.00,0000000000,0000000000,000000000.00,0000000000,00000.00,00000.00,00000.00,00000.00,00000.00,0000648.95,0000245.27,0000000.00,0000000.00,    ,666,   ,0005365320,0000106260,000000000000,DR
00002,00006,7,N,0000020839,0000000000,00000.00,0000000000,00000.00,0000000000,0000000000,000000000.00,0000000091,00000.00,00000.00,00000.00,00000.00,00000.00,0000000.43,0000000.43,0000000.00,0000000.00,    ,748,   ,0000005160,0000000000,000000000000,CR
00002,00006,7,N,0000020839,0000000000,00000.00,0000000000,00000.00,0000000000,0000000000,000000000.00,0000000091,00000.00,00000.00,00000.00,00000.00,00000.00,0000000.43,0000000.43,0000000.00,0000000.00,    ,666,   ,0000005160,0000000000,000000000000,DR
00002,00006,7,N,0000020839,0000000000,00000.00,0000000000,00000.00,0000000000,0000000012,000000000.00,0000000000,00000.00,00000.00,00000.00,00000.00,00000.00,0000000.50,0000000.00,0000000.00,0000000.00,    ,748,   ,0000003000,0000001680,000000000000,CR
00002,00006,7,N,0000020839,0000000000,00000.00,0000000000,00000.00,0000000000,0000000012,000000000.00,0000000000,00000.00,00000.00,00000.00,00000.00,00000.00,0000000.50,0000000.00,0000000.00,0000000.00,    ,666,   ,0000003000,0000001680,000000000000,DR
00002,00006,7,N,0000020839,0000000000,00000.00,0000000000,00000.00,0000005050,0000000095,000000034.30,0000000000,00000.00,00000.00,00000.00,00000.00,00000.00,0000690.28,0000267.27,0000000.00,0000000.00,    ,748,   ,0005745300,0005595840,000000000000,CR
00002,00006,7,N,0000020839,0000000000,00000.00,0000000000,00000.00,0000005050,0000000095,000000034.30,0000000000,00000.00,00000.00,00000.00,00000.00,00000.00,0000690.28,0000267.27,0000000.00,0000000.00,    ,666,   ,0005745300,0005595840,000000000000,DR
00002,00006,7,N,0000020839,0000000000,00000.00,0000000000,00000.00,0000005050,0000012872,000000015.26,0000000000,00000.00,00000.00,00000.00,00000.00,00000.00,0000000.87,0000000.85,0000000.00,0000000.00,    ,748,   ,0000010320,0000010140,000000000000,CR
00002,00006,7,N,0000020839,0000000000,00000.00,0000000000,00000.00,0000005050,0000012872,000000015.26,0000000000,00000.00,00000.00,00000.00,00000.00,00000.00,0000000.87,0000000.85,0000000.00,0000000.00,    ,666,   ,0000010320,0000010140,000000000000,DR
00002,00006,7,N,0000020839,0000000000,00000.00,0000000000,00000.00,0000005050,0000012873,000000000.00,0000000000,00000.00,00000.00,00000.00,00000.00,00000.00,0000000.11,0000000.00,0000000.00,0000000.00,    ,748,   ,0000000660,0000000600,000000000000,CR
00002,00006,7,N,0000020839,0000000000,00000.00,0000000000,00000.00,0000005050,0000012873,000000000.00,0000000000,00000.00,00000.00,00000.00,00000.00,00000.00,0000000.11,0000000.00,0000000.00,0000000.00,    ,666,   ,0000000660,0000000600,000000000000,DR
00002,00008,A,D,0000000000,0000000000,00000.00,0000000000,00000.00,0000000000,0000002984,000000002.78,0000000000,00000.00,00000.00,00000.00,00000.00,00000.00,0000000.00,0000000.00,0000000.00,0000000.00,    ,027,   ,0000000000,0000000000,000051534401,CR
00002,00008,A,D,0000000000,0000000000,00000.00,0000000000,00000.00,0000000000,0000002984,000000002.78,0000000000,00000.00,00000.00,00000.00,00000.00,00000.00,0000000.00,0000000.00,0000000.00,0000000.00,    ,666,   ,0000000000,0000000000,000051534401,DR
00002,00008,A,D,0000000000,0000000000,00000.00,0000000000,00000.00,0000000000,0000003840,000000004.11,0000000000,00000.00,00000.00,00000.00,00000.00,00000.00,0000000.00,0000000.00,0000000.00,0000000.00,    ,027,   ,0000000000,0000000000,000068775958,CR
00002,00008,A,D,0000000000,0000000000,00000.00,0000000000,00000.00,0000000000,0000003840,000000004.11,0000000000,00000.00,00000.00,00000.00,00000.00,00000.00,0000000.00,0000000.00,0000000.00,0000000.00,    ,666,   ,0000000000,0000000000,000068775958,DR
00002,00008,A,D,0000000000,0000000000,00000.00,0000000000,00000.00,0000000000,0000018958,000018981.20,0000000000,00000.00,00000.00,00000.00,00000.00,00000.00,0000000.00,0000000.00,0000000.00,0000000.00,    ,027,   ,0000000000,0000000000,939531825299,CR
00002,00008,A,D,0000000000,0000000000,00000.00,0000000000,00000.00,0000000000,0000018958,000018981.20,0000000000,00000.00,00000.00,00000.00,00000.00,00000.00,0000000.00,0000000.00,0000000.00,0000000.00,    ,666,   ,0000000000,0000000000,939531825299,DR
00002,00008,A,D,0000000000,0000000000,00000.00,0000000000,00000.00,0000000000,0000019759,000001497.59,0000000000,00000.00,00000.00,00000.00,00000.00,00000.00,0000000.00,0000000.00,0000000.00,0000000.00,    ,027,   ,0000000000,0000000000,028333670874,CR
00002,00008,A,D,0000000000,0000000000,00000.00,0000000000,00000.00,0000000000,0000019759,000001497.59,0000000000,00000.00,00000.00,00000.00,00000.00,00000.00,0000000.00,0000000.00,0000000.00,0000000.00,    ,666,   ,0000000000,0000000000,028333670874,DR
00002,00008,A,D,0000000000,0000000000,00000.00,0000000000,00000.00,0000000000,0000019760,000000059.31,0000000000,00000.00,00000.00,00000.00,00000.00,00000.00,0000000.00,0000000.00,0000000.00,0000000.00,    ,027,   ,0000000000,0000000000,005789748889,CR
00002,00008,A,D,0000000000,0000000000,00000.00,0000000000,00000.00,0000000000,0000019760,000000059.31,0000000000,00000.00,00000.00,00000.00,00000.00,00000.00,0000000.00,0000000.00,0000000.00,0000000.00,    ,666,   ,0000000000,0000000000,005789748889,DR
00002,00008,A,N,0000000001,0000000000,00000.00,0000000000,00000.00,0000000000,0000000000,000000000.00,0000000000,00000.00,00000.00,00000.00,00000.00,00000.00,0000571.17,0000253.20,0000000.00,0000000.00,    ,027,   ,0001648740,0000099600,000000000000,CR
00002,00008,A,N,0000000001,0000000000,00000.00,0000000000,00000.00,0000000000,0000000000,000000000.00,0000000000,00000.00,00000.00,00000.00,00000.00,00000.00,0000571.17,0000253.20,0000000.00,0000000.00,    ,666,   ,0001648740,0000099600,000000000000,DR
00002,00008,A,N,0000000001,0000000000,00000.00,0000000000,00000.00,0000000000,0000000012,000000000.00,0000000000,00000.00,00000.00,00000.00,00000.00,00000.00,0001286.19,0000000.00,0000000.00,0000000.00,    ,027,   ,0002572380,0001617000,000000000000,CR
00002,00008,A,N,0000000001,0000000000,00000.00,0000000000,00000.00,0000000000,0000000012,000000000.00,0000000000,00000.00,00000.00,00000.00,00000.00,00000.00,0001286.19,0000000.00,0000000.00,0000000.00,    ,666,   ,0002572380,0001617000,000000000000,DR
00002,00008,A,N,0000000001,0000000000,00000.00,0000000000,00000.00,0000000000,0000000220,000000001.99,0000000000,00000.00,00000.00,00000.00,00000.00,00000.00,0000000.00,0000000.06,0000000.00,0000000.00,    ,027,   ,0000000120,0000000120,000000000000,CR
00002,00008,A,N,0000000001,0000000000,00000.00,0000000000,00000.00,0000000000,0000000220,000000001.99,0000000000,00000.00,00000.00,00000.00,00000.00,00000.00,0000000.00,0000000.06,0000000.00,0000000.00,    ,666,   ,0000000120,0000000120,000000000000,DR
00002,00008,A,N,0000000001,0000000000,00000.00,0000000000,00000.00,0000000110,0000000000,000000000.00,0000000000,00000.00,00000.00,00000.00,00000.00,00000.00,0000030.93,0000012.09,0000000.00,0000000.00,    ,027,   ,0000086040,0000000000,000000000000,CR
00002,00008,A,N,0000000001,0000000000,00000.00,0000000000,00000.00,0000000110,0000000000,000000000.00,0000000000,00000.00,00000.00,00000.00,00000.00,00000.00,0000030.93,0000012.09,0000000.00,0000000.00,    ,666,   ,0000086040,0000000000,000000000000,DR
00002,00008,A,N,0000000001,0000000000,00000.00,0000000000,00000.00,0000000110,0000000012,000000000.00,0000000000,00000.00,00000.00,00000.00,00000.00,00000.00,0000036.84,0000000.00,0000000.00,0000000.00,    ,027,   ,0000073680,0000072780,000000000000,CR
00002,00008,A,N,0000000001,0000000000,00000.00,0000000000,00000.00,0000000110,0000000012,000000000.00,0000000000,00000.00,00000.00,00000.00,00000.00,00000.00,0000036.84,0000000.00,0000000.00,0000000.00,    ,666,   ,0000073680,0000072780,000000000000,DR
00002,00008,A,N,0000000001,0000000000,00000.00,0000000000,00000.00,0000005050,0000000012,000000000.00,0000000000,00000.00,00000.00,00000.00,00000.00,00000.00,0000034.83,0000000.00,0000000.00,0000000.00,    ,027,   ,0000069660,0000069060,000000000000,CR
00002,00008,A,N,0000000001,0000000000,00000.00,0000000000,00000.00,0000005050,0000000012,000000000.00,0000000000,00000.00,00000.00,00000.00,00000.00,00000.00,0000034.83,0000000.00,0000000.00,0000000.00,    ,666,   ,0000069660,0000069060,000000000000,DR
00002,00008,A,N,0000000001,0000000000,00000.00,0000000000,00000.00,0000005050,0000000095,000000000.00,0000000000,00000.00,00000.00,00000.00,00000.00,00000.00,0000317.67,0000131.52,0000000.00,0000000.00,    ,027,   ,0000898380,0000871620,000000000000,CR
00002,00008,A,N,0000000001,0000000000,00000.00,0000000000,00000.00,0000005050,0000000095,000000000.00,0000000000,00000.00,00000.00,00000.00,00000.00,00000.00,0000317.67,0000131.52,0000000.00,0000000.00,    ,666,   ,0000898380,0000871620,000000000000,DR
00002,00008,M,D,0000000000,0000000000,00000.00,0000000000,00000.00,0000000000,0000003840,000000000.00,0000000000,00000.00,00000.00,00000.00,00000.00,00000.00,0000268.90,0000000.00,0000000.00,0000000.00,    ,027,   ,0000000000,0000000000,005218341306,CR
00002,00008,M,D,0000000000,0000000000,00000.00,0000000000,00000.00,0000000000,0000003840,000000000.00,0000000000,00000.00,00000.00,00000.00,00000.00,00000.00,0000268.90,0000000.00,0000000.00,0000000.00,    ,666,   ,0000000000,0000000000,005218341306,DR
00002,00008,M,D,0000000000,0000000000,00000.00,0000000000,00000.00,0000000000,0000018958,000000000.00,0000000000,00000.00,00000.00,00000.00,00000.00,00000.00,0008455.51,0000000.00,0000000.00,0000000.00,    ,027,   ,0000000000,0000000000,875151859867,CR
00002,00008,M,D,0000000000,0000000000,00000.00,0000000000,00000.00,0000000000,0000018958,000000000.00,0000000000,00000.00,00000.00,00000.00,00000.00,00000.00,0008455.51,0000000.00,0000000.00,0000000.00,    ,666,   ,0000000000,0000000000,875151859867,DR
00002,00008,M,D,0000000000,0000000000,00000.00,0000000000,00000.00,0000000000,0000019759,000000000.00,0000000000,00000.00,00000.00,00000.00,00000.00,00000.00,0000040.79,0000000.00,0000000.00,0000000.00,    ,027,   ,0000000000,0000000000,000551493487,CR
00002,00008,M,D,0000000000,0000000000,00000.00,0000000000,00000.00,0000000000,0000019759,000000000.00,0000000000,00000.00,00000.00,00000.00,00000.00,00000.00,0000040.79,0000000.00,0000000.00,0000000.00,    ,666,   ,0000000000,0000000000,000551493487,DR
00002,00008,M,N,0000000001,0000000000,00000.00,0000000000,00000.00,0000000000,0000000000,000000000.00,0000000000,00000.00,00000.00,00000.00,00000.00,00000.00,0000022.89,0000000.30,0000000.00,0000000.00,    ,027,   ,0000046380,0000000000,000000000000,CR
00002,00008,M,N,0000000001,0000000000,00000.00,0000000000,00000.00,0000000000,0000000000,000000000.00,0000000000,00000.00,00000.00,00000.00,00000.00,00000.00,0000022.89,0000000.30,0000000.00,0000000.00,    ,666,   ,0000046380,0000000000,000000000000,DR
00002,00008,M,N,0000000001,0000000000,00000.00,0000000000,00000.00,0000000000,0000000012,000000000.00,0000000000,00000.00,00000.00,00000.00,00000.00,00000.00,0000000.03,0000000.00,0000000.00,0000000.00,    ,027,   ,0000000060,0000000060,000000000000,CR
00002,00008,M,N,0000000001,0000000000,00000.00,0000000000,00000.00,0000000000,0000000012,000000000.00,0000000000,00000.00,00000.00,00000.00,00000.00,00000.00,0000000.03,0000000.00,0000000.00,0000000.00,    ,666,   ,0000000060,0000000060,000000000000,DR
00002,00008,M,N,0000000001,0000000000,00000.00,0000000000,00000.00,0000005050,0000000095,000000000.00,0000000000,00000.00,00000.00,00000.00,00000.00,00000.00,0000000.45,0000001.50,0000000.00,0000000.00,    ,027,   ,0000003900,0000003840,000000000000,CR
00002,00008,M,N,0000000001,0000000000,00000.00,0000000000,00000.00,0000005050,0000000095,000000000.00,0000000000,00000.00,00000.00,00000.00,00000.00,00000.00,0000000.45,0000001.50,0000000.00,0000000.00,    ,666,   ,0000003900,0000003840,000000000000,DR
00002,00008,7,N,0000020839,0000000000,00000.00,0000000000,00000.00,0000000000,0000000000,000000000.00,0000000000,00000.00,00000.00,00000.00,00000.00,00000.00,0000650.81,0000247.79,0000000.00,0000000.00,    ,027,   ,0005391540,0000072480,000000000000,CR
00002,00008,7,N,0000020839,0000000000,00000.00,0000000000,00000.00,0000000000,0000000000,000000000.00,0000000000,00000.00,00000.00,00000.00,00000.00,00000.00,0000650.81,0000247.79,0000000.00,0000000.00,    ,666,   ,0005391540,0000072480,000000000000,DR
00002,00008,7,N,0000020839,0000000000,00000.00,0000000000,00000.00,0000000000,0000000000,000000000.00,0000000091,00000.00,00000.00,00000.00,00000.00,00000.00,0000001.92,0000001.80,0000000.00,0000000.00,    ,027,   ,0000022320,0000000000,000000000000,CR
00002,00008,7,N,0000020839,0000000000,00000.00,0000000000,00000.00,0000000000,0000000000,000000000.00,0000000091,00000.00,00000.00,00000.00,00000.00,00000.00,0000001.92,0000001.80,0000000.00,0000000.00,    ,666,   ,0000022320,0000000000,000000000000,DR
00002,00008,7,N,0000020839,0000000000,00000.00,0000000000,00000.00,0000000000,0000000220,000000007.96,0000000000,00000.00,00000.00,00000.00,00000.00,00000.00,0000000.02,0000000.03,0000000.00,0000000.00,    ,027,   ,0000000300,0000000300,000000000000,CR
00002,00008,7,N,0000020839,0000000000,00000.00,0000000000,00000.00,0000000000,0000000220,000000007.96,0000000000,00000.00,00000.00,00000.00,00000.00,00000.00,0000000.02,0000000.03,0000000.00,0000000.00,    ,666,   ,0000000300,0000000300,000000000000,DR
00002,00008,7,N,0000020839,0000000000,00000.00,0000000000,00000.00,0000005050,0000000095,000000002.57,0000000000,00000.00,00000.00,00000.00,00000.00,00000.00,0000767.00,0000303.86,0000000.00,0000000.00,    ,027,   ,0006425160,0006267780,000000000000,CR
00002,00008,7,N,0000020839,0000000000,00000.00,0000000000,00000.00,0000005050,0000000095,000000002.57,0000000000,00000.00,00000.00,00000.00,00000.00,00000.00,0000767.00,0000303.86,0000000.00,0000000.00,    ,666,   ,0006425160,0006267780,000000000000,DR
00002,00008,7,N,0000020839,0000000000,00000.00,0000000000,00000.00,0000005050,0000012872,000000012.45,0000000000,00000.00,00000.00,00000.00,00000.00,00000.00,0000000.06,0000000.73,0000000.00,0000000.00,    ,027,   ,0000004740,0000004560,000000000000,CR
00002,00008,7,N,0000020839,0000000000,00000.00,0000000000,00000.00,0000005050,0000012872,000000012.45,0000000000,00000.00,00000.00,00000.00,00000.00,00000.00,0000000.06,0000000.73,0000000.00,0000000.00,    ,666,   ,0000004740,0000004560,000000000000,DR
00002,00008,7,N,0000020839,0000000000,00000.00,0000000000,00000.00,0000005050,0000012873,000000020.92,0000000000,00000.00,00000.00,00000.00,00000.00,00000.00,0000000.47,0000000.08,0000000.00,0000000.00,    ,027,   ,0000003300,0000003240,000000000000,CR
00002,00008,7,N,0000020839,0000000000,00000.00,0000000000,00000.00,0000005050,0000012873,000000020.92,0000000000,00000.00,00000.00,00000.00,00000.00,00000.00,0000000.47,0000000.08,0000000.00,0000000.00,    ,666,   ,0000003300,0000003240,000000000000,DR
00002,00012,A,D,0000000000,0000000000,00000.00,0000000000,00000.00,0000000000,0000002984,000000000.16,0000000000,00000.00,00000.00,00000.00,00000.00,00000.00,0000000.00,0000000.00,0000000.00,0000000.00,    ,655,   ,0000000000,0000000000,000001770104,CR
00002,00012,A,D,0000000000,0000000000,00000.00,0000000000,00000.00,0000000000,0000002984,000000000.16,0000000000,00000.00,00000.00,00000.00,00000.00,00000.00,0000000.00,0000000.00,0000000.00,0000000.00,    ,666,   ,0000000000,0000000000,000001770104,DR
00002,00012,A,D,0000000000,0000000000,00000.00,0000000000,00000.00,0000000000,0000003840,000000002.75,0000000000,00000.00,00000.00,00000.00,00000.00,00000.00,0000000.00,0000000.00,0000000.00,0000000.00,    ,655,   ,0000000000,0000000000,000046869153,CR
00002,00012,A,D,0000000000,0000000000,00000.00,0000000000,00000.00,0000000000,0000003840,000000002.75,0000000000,00000.00,00000.00,00000.00,00000.00,00000.00,0000000.00,0000000.00,0000000.00,0000000.00,    ,666,   ,0000000000,0000000000,000046869153,DR
00002,00012,A,D,0000000000,0000000000,00000.00,0000000000,00000.00,0000000000,0000018958,000055165.70,0000000000,00000.00,00000.00,00000.00,00000.00,00000.00,0000000.00,0000000.00,0000000.00,0000000.00,    ,655,   ,0000000000,0000000000,726342012353,CR
00002,00012,A,D,0000000000,0000000000,00000.00,0000000000,00000.00,0000000000,0000018958,000055165.70,0000000000,00000.00,00000.00,00000.00,00000.00,00000.00,0000000.00,0000000.00,0000000.00,0000000.00,    ,666,   ,0000000000,0000000000,726342012353,DR
00002,00012,A,D,0000000000,0000000000,00000.00,0000000000,00000.00,0000000000,0000019759,000004732.65,0000000000,00000.00,00000.00,00000.00,00000.00,00000.00,0000000.00,0000000.00,0000000.00,0000000.00,    ,655,   ,0000000000,0000000000,095841189266,CR
00002,00012,A,D,0000000000,0000000000,00000.00,0000000000,00000.00,0000000000,0000019759,000004732.65,0000000000,00000.00,00000.00,00000.00,00000.00,00000.00,0000000.00,0000000.00,0000000.00,0000000.00,    ,666,   ,0000000000,0000000000,095841189266,DR
00002,00012,A,D,0000000000,0000000000,00000.00,0000000000,00000.00,0000000000,0000019760,000000041.35,0000000000,00000.00,00000.00,00000.00,00000.00,00000.00,0000000.00,0000000.00,0000000.00,0000000.00,    ,655,   ,0000000000,0000000000,003807790012,CR
00002,00012,A,D,0000000000,0000000000,00000.00,0000000000,00000.00,0000000000,0000019760,000000041.35,0000000000,00000.00,00000.00,00000.00,00000.00,00000.00,0000000.00,0000000.00,0000000.00,0000000.00,    ,666,   ,0000000000,0000000000,003807790012,DR
00002,00012,A,N,0000000001,0000000000,00000.00,0000000000,00000.00,0000000000,0000000000,000000000.00,0000000000,00000.00,00000.00,00000.00,00000.00,00000.00,0000636.42,0000267.12,0000000.00,0000000.00,    ,655,   ,0001807080,0000047820,000000000000,CR
00002,00012,A,N,0000000001,0000000000,00000.00,0000000000,00000.00,0000000000,0000000000,000000000.00,0000000000,00000.00,00000.00,00000.00,00000.00,00000.00,0000636.42,0000267.12,0000000.00,0000000.00,    ,666,   ,0001807080,0000047820,000000000000,DR
00002,00012,A,N,0000000001,0000000000,00000.00,0000000000,00000.00,0000000000,0000000000,000000000.00,0000000091,00000.00,00000.00,00000.00,00000.00,00000.00,0000000.27,0000000.18,0000000.00,0000000.00,    ,655,   ,0000000900,0000000000,000000000000,CR
00002,00012,A,N,0000000001,0000000000,00000.00,0000000000,00000.00,0000000000,0000000000,000000000.00,0000000091,00000.00,00000.00,00000.00,00000.00,00000.00,0000000.27,0000000.18,0000000.00,0000000.00,    ,666,   ,0000000900,0000000000,000000000000,DR
00002,00012,A,N,0000000001,0000000000,00000.00,0000000000,00000.00,0000000000,0000000012,000000000.00,0000000000,00000.00,00000.00,00000.00,00000.00,00000.00,0001532.55,0000000.00,0000000.00,0000000.00,    ,655,   ,0003065100,0001284060,000000000000,CR
00002,00012,A,N,0000000001,0000000000,00000.00,0000000000,00000.00,0000000000,0000000012,000000000.00,0000000000,00000.00,00000.00,00000.00,00000.00,00000.00,0001532.55,0000000.00,0000000.00,0000000.00,    ,666,   ,0003065100,0001284060,000000000000,DR
00002,00012,A,N,0000000001,0000000000,00000.00,0000000000,00000.00,0000000110,0000000000,000000000.00,0000000000,00000.00,00000.00,00000.00,00000.00,00000.00,0000000.66,0000000.90,0000000.00,0000000.00,    ,655,   ,0000003120,0000000000,000000000000,CR
00002,00012,A,N,0000000001,0000000000,00000.00,0000000000,00000.00,0000000110,0000000000,000000000.00,0000000000,00000.00,00000.00,00000.00,00000.00,00000.00,0000000.66,0000000.90,0000000.00,0000000.00,    ,666,   ,0000003120,0000000000,000000000000,DR
00002,00012,A,N,0000000001,0000000000,00000.00,0000000000,00000.00,0000000110,0000000012,000000000.00,0000000000,00000.00,00000.00,00000.00,00000.00,00000.00,0000001.59,0000000.00,0000000.00,0000000.00,    ,655,   ,0000003180,0000003180,000000000000,CR
00002,00012,A,N,0000000001,0000000000,00000.00,0000000000,00000.00,0000000110,0000000012,000000000.00,0000000000,00000.00,00000.00,00000.00,00000.00,00000.00,0000001.59,0000000.00,0000000.00,0000000.00,    ,666,   ,0000003180,0000003180,000000000000,DR
00002,00012,A,N,0000000001,0000000000,00000.00,0000000000,00000.00,0000005050,0000000012,000000000.00,0000000000,00000.00,00000.00,00000.00,00000.00,00000.00,0000860.91,0000000.00,0000000.00,0000000.00,    ,655,   ,0001721820,0001711500,000000000000,CR
00002,00012,A,N,0000000001,0000000000,00000.00,0000000000,00000.00,0000005050,0000000012,000000000.00,0000000000,00000.00,00000.00,00000.00,00000.00,00000.00,0000860.91,0000000.00,0000000.00,0000000.00,    ,666,   ,0001721820,0001711500,000000000000,DR
00002,00012,A,N,0000000001,0000000000,00000.00,0000000000,00000.00,0000005050,0000000095,000000000.00,0000000000,00000.00,00000.00,00000.00,00000.00,00000.00,0000461.46,0000222.45,0000000.00,0000000.00,    ,655,   ,0001367820,0001340820,000000000000,CR
00002,00012,A,N,0000000001,0000000000,00000.00,0000000000,00000.00,0000005050,0000000095,000000000.00,0000000000,00000.00,00000.00,00000.00,00000.00,00000.00,0000461.46,0000222.45,0000000.00,0000000.00,    ,666,   ,0001367820,0001340820,000000000000,DR
00002,00012,A,N,0000000001,0000000000,00000.00,0000000000,00000.00,0000005050,0000012872,000000028.17,0000000000,00000.00,00000.00,00000.00,00000.00,00000.00,0000018.72,0000003.00,0000000.00,0000000.00,    ,655,   ,0000043440,0000043320,000000000000,CR
00002,00012,A,N,0000000001,0000000000,00000.00,0000000000,00000.00,0000005050,0000012872,000000028.17,0000000000,00000.00,00000.00,00000.00,00000.00,00000.00,0000018.72,0000003.00,0000000.00,0000000.00,    ,666,   ,0000043440,0000043320,000000000000,DR
00002,00012,A,N,0000000001,0000000000,00000.00,0000000000,00000.00,0000005050,0000012873,000000012.54,0000000000,00000.00,00000.00,00000.00,00000.00,00000.00,0000000.72,0000000.60,0000000.00,0000000.00,    ,655,   ,0000002640,0000002520,000000000000,CR
00002,00012,A,N,0000000001,0000000000,00000.00,0000000000,00000.00,0000005050,0000012873,000000012.54,0000000000,00000.00,00000.00,00000.00,00000.00,00000.00,0000000.72,0000000.60,0000000.00,0000000.00,    ,666,   ,0000002640,0000002520,000000000000,DR
00002,00012,M,D,0000000000,0000000000,00000.00,0000000000,00000.00,0000000000,0000003840,000000000.00,0000000000,00000.00,00000.00,00000.00,00000.00,00000.00,0000626.31,0000000.00,0000000.00,0000000.00,    ,655,   ,0000000000,0000000000,012818401629,CR
00002,00012,M,D,0000000000,0000000000,00000.00,0000000000,00000.00,0000000000,0000003840,000000000.00,0000000000,00000.00,00000.00,00000.00,00000.00,00000.00,0000626.31,0000000.00,0000000.00,0000000.00,    ,666,   ,0000000000,0000000000,012818401629,DR
